EventId,EventTemplate,Occurrences
7b21b230,STATE * OK - Packet loss 0% RTA * ms,426
d6fe1d0b,path,180488
5d2e33d6,STATE * * CRITICAL - Packet loss 100%,4
9ec51af8,STATE * - Plugin timed out after 30 seconds,2
fcca56ba,STATE * login * * refused by host,18
e9bdc84e,checker reports path is down,1144135
c107927c,MONTHLY,3
d1bd83a3,2.0,3
6ae5f646,repeated * times,26076
7dc5ed47,84 2b 2b 4e cf * via *,13854
37462707,eth0 to * port 67 *,7271
b742446e,is unreachable,633
79f5cd3f,a4 ba db * * * via * network * no free leases,492032
e5ced42b,* * a4 ba db 01 * * via eth2,54010
b0057675,status 0 pid * duration *,4497
c3726eaa,* * from 174.129.226.69,3341
ff9fcca8,pid * from 129.111.140.167,2533
1cc82fb6,* at Fri Mar 1 00 * * 2013,174
421b3a8e,Major 01090000 Minor 00000000 Token 00000003,2534
80968ee5,status 1 pid * duration *,2795
b0b8674f,resolving * (in '253.117.in-addr.arpa'?) 218.248.240.178#53,23
639a495e,00 8c fa 0e 9f a7 via * network * no free leases,2232
d91a1f30,* * a4 ba db 01 * * via eth0,19254
c1c638e5,pid * from 156.56.104.85,98
83e4ffc6,events logged,376
4b4b9c0d,* at Sat Mar 1 00 00 * 2014,188
d782f81a,user /C US/O National Center for Supercomputing Applications/CN *,156
3c963a4c,jobmanager-sge,21
5036c73b,local user *,310
c989c43b,local uid *,310
636aa7fd,gid 802981,9
762f4d62,* * * GATEKEEPER_JM_ID 2014-02-10.22 58 13.0000015818.0000000000 has GRAM_SCRIPT_JOB_ID * manager type sge,8
653a185f,* * * GATEKEEPER_JM_ID 2014-02-10.22 58 13.0000015818.0000000000 mapped to us3 (809136 802981),8
c9818529,* * * GATEKEEPER_JM_ID 2014-02-10.22 58 13.0000015818.0000000000 for /C US/O National Center for Supercomputing Applications/CN Ultrascan3 Community User on 156.56.104.85,8
ebbbb533,resolving * 2001 * * * * 1#53,513
b4e1f3ed,resolving * 2001 5a0 10 *,64
ef210516,* * f0 4d a2 01 * * via eth2,316
13b775b2,jobmanager-fork,28
847959f5,gid 80230,296
1c00abff,still haven't managed to acquire quota space from the quota master after 10 retries (err 0 rc 0),727
a91f7ce5,pid * from 129.114.53.21,48
5d435172,00 * * GATEKEEPER_JM_ID 2014-03-01.00 * * has GRAM_SCRIPT_JOB_ID * manager type fork,2
11dfc719,00 * * GATEKEEPER_JM_ID 2014-03-01.00 * * mapped to inca (800133 80230),2
dc4daa33,* * * GATEKEEPER_JM_ID * * * for /C US/O National Center for Supercomputing Applications/CN Inca Inca on 129.114.53.21,17
94824cef,pid * from 149.165.228.180,760
a9ff8cd6,query * denied,4992
950033c1,transfer of * IXFR ended,4832
b065941e,* * 00 26 6c f9 * * via eth2,363
28ed3b1d,* * 14 fe b5 d0 * * via eth2,56
03f3a1b8,* * f0 4d a2 00 * * via eth0,272
9cc0bb54,* * 00 26 6c f4 2a * via *,74
2d7f3018,* * f0 4d a2 07 * * via eth0,224
e6d4826f,resolving * (in '189.239.216.in-addr.arpa'?) *,16
22eb62e4,* * 18 03 73 09 * * via eth0,504
42161c31,user /C US/O SDSC/OU SDSC/CN Inca Inca,149
96de01ca,jobmanager [PING ONLY],261
3a0c3100,00 26 b9 fd 8e 04 via *,2754
671a5392,does not accept options,153
1de45a64,resolving * 2001 * * 5#53,19
6f378b19,resolving * 2407 6e00 253 306 73#53,4
aad0a016,* * f0 4d a2 0b * * via eth2,60
70f17786,resolving * 2001 503 * 2 30#53,491
7fd8bcae,resolving 'dns1.cablesurf.de/AAAA/IN' 2a00 74c0 10 203 53 1#53,1
a2bbc81f,resolving * 2001 1284 ff00 *,2
07d17168,10.4.1.219 * 1c 6f 65 e1 c0 55 via *,26
5a3f3df8,10.4.1.220 * 50 e5 49 2f c3 c2 via *,40
c0a218bf,resolving * 2001 978 1 * d#53,18
aa011c27,resolving * (in '156.47.96.in-addr.arpa'?) *,8
e9d42cd0,resolving * 2001 600 1c0 * 35 2#53,10
17129cdd,resolving * 2600 803 408 2 10#53,6
a00abee9,* * * * Skipped * previous similar *,362
6e10949d,* (client.c 975 ptlrpc_check_status()) 11-0 an error occurred while communicating with * The * operation failed with *,316
e41609f8,resolving * 216.116.96.90#53,6
219f38a4,resolving * 2001 4801 7817 72 be76 4eff fe10 e1bc#53,2
a5c65070,resolving * 2620 0 2e50 a 51#53,2
7d2f3778,(REFUSED) resolving * 74.115.181.51#53,3
4526e9e0,resolving 'srns2.superreal.net/AAAA/IN' 2001 *,53
b013c391,(SERVFAIL) resolving * 198.6.1.181#53,8
62358b94,206.76.192.94 * 78 2b cb 3e 23 a4 via *,54
dc09f183,* -- renewal in * seconds.,303
8d091101,206.76.192.1 *,303
c3a3b23b,eth0 to 255.255.255.255 port 67 (xid 0x56244d4d),4
7bc9139f,resolving * 2001 43f8 120 *,7
b99b0839,resolving * (in 'safaricombusiness.co.ke'?) *,4
a252a9ef,(REFUSED) resolving '2.39.248.197.in-addr.arpa/PTR/IN' *,4
fd25491e,00 26 6c f9 7b 22 *,478
e221d9fb,* * * 00 26 6c f9 * * via eth0 *,88
d697d4cd,(REFUSED) resolving * 64.203.112.22#53,9
24375df3,resolving * 2001 dc0 * 1 0 *,80
a317c5c0,* * f0 4d a2 01 * * via eth0,182
5c4f7238,* * f0 4d a2 07 * * via eth2,278
f985a329,* * 78 2b cb 18 * * via eth0,94
dda7d710,10.4.196.170 * a4 ba db 00 fe c8 via *,38
c0c59d8a,rotating log files,149
8cdbdae4,zone transfer * denied,111
8ae70046,resolving * 2804 54 cab0 baf0 189 124 132 *,16
745e9afb,(REFUSED) resolving * 216.245.224.4#53,6
86b66614,* * 00 26 b9 fe * * via eth0,396
c6539822,* * 18 03 73 09 * * via eth2,810
b8a30a98,* * f0 4d a2 00 * * via eth2,262
03754a28,resolving * (in * 123.255.250.7#53,2
3da9342c,resolving * 2602 fff8 0 300 *,7
a472c6ca,(REFUSED) resolving '237.71.167.65.in-addr.arpa/PTR/IN' *,4
1cd9a3a2,resolving '244.10.63.123.in-addr.arpa/PTR/IN' 2001 dc0 * 0 *,2
7038cdac,resolving * 2a02 5b0 0 * 20#53,2
a417743d,resolving * 2001 760 ffff ffff ca#53,5
121b3290,resolving * 2001 678 12 0 194 0 16 215#53,6
2415fa4f,resolving * 2610 a1 1011 21#53,8
d3995ab0,resolving * 2800 * * 2#53,2
9f5dd1e0,* * 00 26 b9 fe * * via eth2,238
8a1954bc,* * 78 2b cb 23 48 * via *,78
04e4f4cf,pid * from 129.252.24.67,158
4a8ef0b8,resolving 'srns1.superreal.net/A/IN' 2001 *,41
32e8fa3e,resolving 'srns1.superreal.net/A/IN' 2001 500 *,3
3c8bd956,resolving * 2001 500 13 *,81
6fddf6cd,resolving * 2001 13c7 7002 3000 *,45
08df5600,resolving * 2001 12ff 0 a20 5#53,8
50f209df,resolving * 2a04 b900 8 0 0 61#53,4
68d1d974,* * 78 2b cb 3e 24 * via *,100
5364a8a6,resolving '203.169.105.206.in-addr.arpa/PTR/IN' 2600 a1#53,1
6697ada5,* * f0 4d a2 d9 * * via eth0,50
5ebf750e,resolving * 2001 * * * 53#53,184
b0d463f3,resolving '170.161.239.216.in-addr.arpa' (in '161.239.216.in-addr.arpa'?) *,4
8bb35ec6,* * 78 2b cb * 18 * via eth2,154
da9c26ae,resolving * 2001 18e8 2 8 10#53,12
4a7ed8d9,resolving * (in '105.59.199.in-addr.arpa'?) *,12
54c9bd7e,resolving '89.35.225.70.widetelecom.net/A/IN' 193.192.42.2#53,1
e446f33f,resolving * 2001 67c e0 *,73
bb94bc62,resolving * 2001 e00 1800 2#53,5
2c5667b5,resolving * 2a03 5440 0 * 53#53,3
7bb2f7ea,resolving * 2001 500 * 63#53,54
d8457e70,resolving * 2001 470 * 2#53,21
962efd8f,resolving 'bsn-182-79-52.dynamic.siol.net/A/IN' 2a00 ee0 d *,2
574532c3,retention data completed successfully.,65
52f67328,resolving * 2604 8c00 3000 1 *,5
d818ea14,resolving 'dyn-96-31-119-143.sub.tctwest.net' (in 'sub.tctwest.net'?) *,5
163ad88a,resolving * 2001 dd8 6 101#53,16
b7cfb87d,resolving * 2001 * * 10#53,71
1ef68878,resolving * 2001 12f8 4 10#53,21
c03681f9,(REFUSED) resolving * 186.216.240.2#53,3
74c6a573,resolving * 2001 fc0 1000 1000 210 193 2 62#53,4
73fd6f82,(SERVFAIL) resolving * 210.193.2.36#53,4
e4505bb1,resolving * 2001 502 * e8#53,13
d0856bc9,resolving * 2610 a1 1014 *,18
965d13f1,resolving 'kaust.edu.sa/A/IN' 2001 1490 0 800 3#53,1
c251b433,resolving * 2001 67c 130 * 9#53,10
9d746afb,resolving * 41.203.208.88#53,10
e46ac329,resolving * 2001 dc0 2001 * 4608 *,56
63b8a135,10.4.199.234 * f0 4d a2 da 18 35 via *,28
6dc4fedb,(SERVFAIL) resolving '191.42.41.217.in-addr.arpa/PTR/IN' *,2
0936d38f,resolving * 2001 328 1000 3 5#53,3
680f702f,resolving * 2001 328 200 ab 600#53,2
2b208608,resolving * 2001 678 4 *,30
c2b0ef51,resolving * 2001 328 200 48 400#53,2
18b39341,resolving '65.123.89.24.in-addr.arpa/PTR/IN' 2605 7200 33#53,1
a922819c,resolving '220.35.248.69.in-addr.arpa/PTR/IN' 2001 558 * * 68 87 *,2
7ba27d42,resolving * 2001 500 * 2#53,14
e7edfcb0,resolving '186-236-96-77.wifi.dyn.lancernet.com.br/A/IN' 2804 194 0 200 *,2
da24f08c,resolving '182.18.204.205.in-addr.arpa' (in '18.204.205.in-addr.arpa'?) *,4
ba8a3bc5,resolving '201.160.119.216.in-addr.arpa' (in '160.119.216.in-addr.arpa'?) *,4
23e33489,resolving 'ns.apollo.lv/AAAA/IN' 2a02 2330 a * 2#53,2
4ecf372f,resolving * 2001 678 7c 7c#53,4
48ce055a,resolving * 2001 558 fe23 8 69 252 250 103#53,15
ae7b0358,resolving '115.221.179.73.in-addr.arpa/PTR/IN' 2001 558 * * 68 87 *,2
f0b2e4b1,(REFUSED) resolving '189.173.20.184.in-addr.arpa/PTR/IN' *,4
4201995b,* stratum 2,34
2e1d9c4e,resolving * 2001 450 2005 * 6#53,13
b61ddb0e,* * 84 2b 2b 5a * * via eth2,72
a1632e00,10.4.205.15 * 00 26 6c fe 81 e2 via eth2,38
30aa4d45,resolving * 2607 f208 302 *,8
0b8015ec,resolving * 2a03 5e80 0 5 193 230 31 230#53,4
beafc08f,10.4.192.39 * 84 2b 2b 20 4b 2d via *,38
66c792c9,(SERVFAIL) resolving * 193.0.9.6#53,2
3c1a46ee,resolving '254.203.74.182.in-addr.arpa' (in '203.74.182.in-addr.arpa'?) *,2
2b0323ae,resolving '254.203.74.182.in-addr.arpa/PTR/IN' 2404 a800 0 *,6
c041eac1,(REFUSED) resolving '206.100.248.197.in-addr.arpa/PTR/IN' *,12
90159538,10.4.205.19 * 00 26 6c fe 72 06 via *,38
11b7fddd,resolving * 2001 500 * 30#53,39
2d69ae15,resolving '68.120.59.199.in-addr.arpa/PTR/IN' 2606 bf00 0 a 216 3eff fe1b 8502#53,1
9680621a,(REFUSED) resolving '227.25.73.198.in-addr.arpa/PTR/IN' *,4
f13a9c8b,resolving * 2607 * * 3#53,13
a69ed6da,resolving * 2001 d10 a 53 53#53,2
9dc4bee3,resolving * 2001 500 1 803f 235#53,107
23c7a749,resolving * 2001 500 3 42#53,109
6127e245,resolving * 2001 dc3 35#53,109
a3c24fcc,resolving * 2001 500 2f f#53,105
8fe0e27e,resolving * 2001 500 84 b#53,44
b982ae81,resolving * 2001 500 2d d#53,105
edeab182,resolving * 2001 500 2 c#53,44
e4f1c007,resolving * 2001 4f8 0 2 *,21
1da44aa7,resolving * 2001 6b0 7 2#53,12
19d644d9,resolving 'c-50-159-92-225.hsd1.wa.comcast.net/A/IN' 2001 558 * * 68 87 *,3
599d5a10,206.76.192.85 * 78 2b cb 0e f5 d5 via *,52
44810fe3,resolving * 78.154.32.71#53,2
68009420,resolving '149.242.69.114.in-addr.arpa' (in '242.69.114.in-addr.arpa'?) *,12
60ec71d3,* * 78 2b cb 23 ab * via *,74
33e52a18,resolving 'ip-206-123-201-93.static.fasttrackcomm.net/A/IN' 2607 6400 * 10 *,2
9a8a29bb,10.4.205.12 * 78 2b cb 02 ca 79 via *,42
63c4445a,(REFUSED) resolving * 190.111.120.3#53,2
55f733f9,resolving * 2620 0 e00 b 53#53,21
9c165796,resolving 'dns2.as2116.net/A/IN' 2a01 4f8 120 32a1 53#53,1
228961d3,* * f0 4d a2 d9 * * via eth2,172
c470274f,* * 78 2b cb 1f * * via eth2,88
f6ae9db7,* haven't heard from client * (at 206.76.221.204@o2ib) in 227 seconds. I think it's dead and I am evicting it.,27
2aad608b,resolving * 2001 1458 1 2 100 85#53,6
027d9e2e,resolving 'crl.comodoca.com/A/IN' 2a02 1788 0 *,7
7c42af75,resolving * 2001 468 d01 * 80df *,18
9af83098,resolving * 2001 48a8 68fe 59#53,12
7d43d4af,resolving * 2001 468 c07 4 250#53,12
af7523ef,* * 84 2b 2b f9 * * via eth0,88
761ff54d,(REFUSED) resolving * 76.85.232.131#53,10
bca50124,(SERVFAIL) resolving 'adsl-67-127-232-8.dsl.irvnca.pacbell.net/A/IN' 206.13.29.11#53,1
83ac0c1e,resolving * 2604 5680 192 *,8
810c7433,resolving '38.31.74.182.in-addr.arpa/PTR/IN' 2404 a800 0 *,6
4033c3a4,resolving '38.31.74.182.in-addr.arpa' (in '31.74.182.in-addr.arpa'?) *,2
3b0add7f,resolving * (in '106.59.199.in-addr.arpa'?) *,20
eaa90cd5,10.4.192.96 * 78 2b cb 20 a4 a9 via *,42
05cfefb7,(REFUSED) resolving '12.187.178.180.in-addr.arpa/PTR/IN' 180.178.128.100#53,2
ca350e10,(REFUSED) resolving '156.199.49.187.in-addr.arpa/PTR/IN' 187.49.196.2#53,1
7cf1338c,resolving * 2001 dc0 4001 1 0 1836 0 141#53,2
a6acc847,(REFUSED) resolving '146.67.28.120.in-addr.arpa/PTR/IN' 203.127.225.10#53,2
a1b8b6df,resolving '146.67.28.120.in-addr.arpa' (in '67.28.120.in-addr.arpa'?) 203.127.225.11#53,2
0949927e,(SERVFAIL) resolving 'ns2.rilinfo.net/A/IN' 202.138.103.100#53,1
8ef2c9d7,(SERVFAIL) resolving '93.174.24.188.in-addr.arpa/PTR/IN' *,4
9daf997e,resolving * 2001 cc0 2fff 2 6#53,8
7b5b3fc5,resolving '226.35.226.159.in-addr.arpa' (in '35.226.159.in-addr.arpa'?) 159.226.8.6#53,2
0b998f37,(REFUSED) resolving '226.35.226.159.in-addr.arpa/PTR/IN' 159.226.8.28#53,6
3029b6b2,206.76.198.204 * 5c 26 0a fb ec a8 via *,50
033eecf3,pid * from 128.182.112.239,292
d966c781,(REFUSED) resolving * 190.6.192.2#53,3
da9f96ee,* at Fri Mar 1 01 * * 2013,172
25ae9b70,206.76.192.84 * 78 2b cb 0e f2 ca via *,52
af3e9e42,GPU at 0000 * 00 *,103
d509ceba,* at Sat Mar 1 01 * * 2014,182
8de243eb,* 02 * GATEKEEPER_JM_ID * 02 * has GRAM_SCRIPT_JOB_ID * manager type fork,7
fb402968,* 02 * GATEKEEPER_JM_ID * 02 * mapped to inca (800133 80230),7
e37adf6a,* * * GATEKEEPER_JM_ID * * * for /C US/O SDSC/OU SDSC/CN Inca Inca on 129.114.53.21,18
c2bce3b5,(REFUSED) resolving 'cpe-74-128-219-46.swo.res.rr.com/A/IN' 65.24.0.165#53,1
d76b13d1,resolving '242.172.74.182.in-addr.arpa/PTR/IN' 2404 a800 0 *,6
25ec6df6,resolving * (in '172.74.182.in-addr.arpa'?) *,12
46138b38,resolving * 2001 468 1910 * 2#53,8
07943aea,* * 84 2b 2b f9 * * via eth2,148
b0dd1d14,resolving * 2001 503 cc2c 2 36#53,47
e1e57916,(SERVFAIL) resolving '117.66.230.166.in-addr.arpa/PTR/IN' 166.230.5.7#53,2
7bc1a4e2,resolving '254.144.74.182.in-addr.arpa' (in '144.74.182.in-addr.arpa'?) *,6
f5a5efe3,resolving '254.144.74.182.in-addr.arpa/PTR/IN' 2404 a800 0 *,18
b929d3a0,resolving '100.80.197.69.in-addr.arpa' (in '80.197.69.in-addr.arpa'?) *,4
8a53eace,trap stack segment rip * rsp * error 0,6
12a8dfe1,resolving * 2001 628 453 bb 6#53,6
a946b378,resolving * 2a03 5e80 0 4 192 162 16 *,10
51517672,resolving * 2001 678 * 0 193 232 *,21
b79f9eb4,resolving * 2001 678 18 0 194 190 124 17#53,12
a24d89b3,resolving * 2001 678 16 0 194 85 252 62#53,8
fb461d80,resolving * 2607 f6d0 0 * ab40 *,35
6ec1f6a4,resolving '77-56-3-129.dclient.hispeed.ch/A/IN' 2001 730 3e12 1000 133#53,1
c2f64653,resolving '70.88.33.209.in-addr.arpa' (in '88.33.209.in-addr.arpa'?) 66.76.2.132#53,1
c40a429e,resolving * (in '39.86.41.in-addr.arpa'?) *,8
784af307,resolving '149.178.239.216.in-addr.arpa' (in '178.239.216.in-addr.arpa'?) *,12
33f4d61d,(REFUSED) resolving '22.132.96.208.in-addr.arpa/PTR/IN' *,6
44bc235e,resolving * 2607 f010 3f8 8000 0 ff fe00 53#53,2
95b3474e,(SERVFAIL) resolving * 93.152.176.242#53,4
7dd3f93d,server 206.76.192.7 *,26
b7b86c1f,resolving '66.172.74.182.in-addr.arpa/PTR/IN' 2404 a800 0 *,12
968cca4c,* * 84 2b 2b 5a * * via eth0,16
64f46b9d,resolving * 2607 f378 *,14
9733aed7,resolving * 2001 1838 f000 6#53,3
5a5dac72,(REFUSED) resolving '211.117.104.192.in-addr.arpa/PTR/IN' *,4
83407668,resolving '142.169.73.182.in-addr.arpa/PTR/IN' 2404 a800 0 *,18
27ca9034,resolving '142.169.73.182.in-addr.arpa' (in '169.73.182.in-addr.arpa'?) *,6
af7515e1,resolving * 190.108.64.2#53,3
5c4f17aa,resolving * 2607 f140 ffff fffe *,8
335c644e,resolving * (in * 110.172.24.24#53,16
5af86dfc,(REFUSED) resolving * 103.247.80.18#53,16
be58a3ee,resolving * 2607 f430 0 b00 1 *,2
a7ace793,resolving * 2001 1291 0 46 b#53,2
217b5670,resolving '154.138.84.76.in-addr.arpa' (in '138.84.76.in-addr.arpa'?) *,8
359af397,(SERVFAIL) resolving * 218.248.240.209#53,22
719878c5,resolving * 2604 2c00 *,15
2c54f700,resolving '178.92.74.182.in-addr.arpa' (in '92.74.182.in-addr.arpa'?) *,2
63506fce,resolving '178.92.74.182.in-addr.arpa/PTR/IN' 2404 a800 0 *,6
ac3862cf,resolving '55.171.173.192.in-addr.arpa' (in '171.173.192.in-addr.arpa'?) 131.191.7.194#53,1
9977aac2,resolving '205.230.15.208.in-addr.arpa/PTR/IN' 2600 *,2
3be22078,resolving '107.97.209.125.in-addr.arpa/PTR/IN' 2401 8e00 100 34#53,2
594c4bb9,resolving '251.232.228.134.in-addr.arpa/PTR/IN' 2600 2800 1000 d00d 1 *,2
0ae4e509,resolving * 2a03 6300 1 102 3#53,8
0660143a,resolving '194.203.183.93.in-addr.arpa/PTR/IN' 2a02 70 0 ff 2#53,1
8ae49730,resolving 'ns2.datagroup.com.ua/AAAA/IN' 2001 * * * 3#53,2
f3f9711a,resolving * 2604 ee00 0 101 37#53,8
cfe4e1cf,resolving * 2001 67c 258 3#53,5
0731e2f7,resolving * 2001 470 * * 3#53,11
9d5e4f46,segfault at * rip * rsp * error 14,87
f9cb9b1d,(SERVFAIL) resolving '91.180.254.87.in-addr.arpa/PTR/IN' 88.87.10.2#53,2
d0e57acc,(REFUSED) resolving '91.180.254.87.in-addr.arpa/PTR/IN' 185.73.236.54#53,2
fd071f02,(SERVFAIL) resolving * 87.243.85.242#53,2
ac032eb8,resolving * 2a02 6a80 193 68 *,10
886c042d,'ns4.pulseindia.in/AAAA/IN' 103.249.80.102#53,4
be62cfe2,resolving * 2607 e400 * 0 66 90 *,16
52b49fa3,resolving * 2001 558 * 5 68 87 * 244#53,24
fab46712,resolving '196-103.wifi4all.nl/A/IN' 2a04 31c0 1 5 2#53,1
dd86eaeb,resolving * 2400 cb00 2049 1 *,11
ca736379,server 206.76.192.2 OK,322
c4770806,server 206.76.192.2 not responding still trying,326
d5f44ed6,resolving * (in '176.239.216.in-addr.arpa'?) *,12
87a08b6e,* slow * * due to heavy IO load,25
bbfd8b4a,resolving 'v01n33.ccr.buffalo.edu/A/IN' 2620 cc 8000 160 11#53,1
0904f900,(REFUSED) resolving * 212.34.226.2#53,4
bf67392b,(REFUSED) resolving * 92.43.141.2#53,4
42d39818,resolving '102.217.165.69.in-addr.arpa/PTR/IN' 2607 f2c0 4#53,2
e908e499,(REFUSED) resolving * 183.91.0.70#53,3
8b1f1605,resolving * (in '90.73.182.in-addr.arpa'?) *,6
fee6fd59,resolving '158.90.73.182.in-addr.arpa/PTR/IN' 2404 a800 0 *,6
b65ab405,resolving * (in '22.187.184.in-addr.arpa'?) 24.248.137.39#53,4
3e30a736,(REFUSED) resolving '242.6.92.192.in-addr.arpa/PTR/IN' *,4
a5764469,resolving * 2001 778 0 8 8#53,3
40c0ac5a,resolving * 2001 502 4612 *,9
840b0670,(REFUSED) resolving '198.45.237.66.in-addr.arpa/PTR/IN' *,4
1fe3df46,resolving * 2c0f ffd8 30 ac1d *,2
d7d6348f,resolving * 2a01 3f0 0 300 53#53,2
bf12c37f,resolving 'ufrmsa1.uniforum.org.za/AAAA/IN' 2001 43f8 30 193#53,1
18a0cbd8,(REFUSED) resolving * 192.96.25.1#53,2
885019af,resolving * 2a02 898 31 53 0#53,2
e96a2799,resolving * 2001 418 1 39#53,8
88ba5dbc,(REFUSED) resolving * 160.124.48.1#53,2
4f798efb,resolving * 2001 42a0 1 208 81#53,2
d89ebf8e,resolving * 2001 42a0 7000 28 2#53,2
a5c69c15,resolving * 2001 1a68 0 17 238#53,4
426df9f7,resolving * 2001 6d8 1001 1 252#53,4
7f57f424,resolving * 2801 0 61 1#53,4
43de90cd,resolving '128.88.187.91.in-addr.arpa/PTR/IN' 2a02 8060 32fa *,2
e9a78f30,resolving '82.134.19.177.in-addr.arpa/PTR/IN' 2804 7f4 2000 2000 177 43 193 61#53,3
32b3d19f,* * a4 ba db 00 * * via eth2,92
a76499b7,resolving '106.185.73.182.in-addr.arpa' (in '185.73.182.in-addr.arpa'?) *,2
bfaa7a1b,resolving '106.185.73.182.in-addr.arpa/PTR/IN' 2404 a800 0 *,6
f1713510,resolving * 2607 ea00 102 4801 53#53,5
cc1fe6cc,resolving * 2a00 1560 0 133 3#53,5
9ba91d4d,10.4.192.38 * 84 2b 2b 5b 05 2f via *,42
28770ef1,resolving * 2001 500 4431 2 30#53,18
6f1de320,* * 78 2b cb 1f * * via eth0,34
494c0239,segfault at * rip * rsp * error 4,1302
1cf48833,resolving * 2606 2b00 0 * 10#53,28
c95a5593,* at Fri Mar 1 02 02 * 2013,220
29096342,update CMOS clock from * to *,20
2a4f28f4,* at Sat Mar 1 02 * * 2014,174
de8402c0,(REFUSED) resolving * 182.19.95.35#53,24
935ee545,resolving 'ns2.vodafone.ind.in/AAAA/IN' 2001 4528 fff 13 142#53,1
3d2df5ad,resolving * 2001 500 31 108#53,22
33863571,resolving '185-155-177-218.cliente.riocable.net.br/A/IN' 177.155.185.178#53,1
76b31e47,* * 14 fe b5 d0 * * via eth0,16
ec487a89,(SERVFAIL) resolving '114.154.215.67.cpe.quickclic.net/PTR/IN' *,16
d03e48be,resolving '114.154.215.67.cpe.quickclic.net/PTR/IN' 2001 470 1d 410 216 3eff *,6
1adc16b6,pid * from 128.211.128.45,2
1546ba40,206.76.192.95 * 78 2b cb 3e 26 de via *,48
446f4cc2,(REFUSED) resolving 'massa-214c.uta.edu/A/IN' *,6
f3519382,(REFUSED) resolving * 129.107.56.180#53,10
63dc2b24,resolving * 2607 * * * 2#53,44
0f77bd02,resolving '249.151.70.208.in-addr.arpa/PTR/IN' 2607 f2e0 * 1 2#53,2
53c19c73,02 * 08 GATEKEEPER_JM_ID 2013-03-01.02 * * has GRAM_SCRIPT_JOB_ID * manager type *,2
b3d3d2f6,02 * 08 GATEKEEPER_JM_ID 2013-03-01.02 * * mapped to inca (800133 80230),2
d738cb0e,* * 78 2b cb 15 71 * via *,94
fdb98030,* * 84 2b 2b 6d e6 * via *,30
6e68218e,resolving * 2001 500 * 100#53,23
03614281,resolving * 2a01 8840 * 1#53,7
571c8ce1,segfault at * rip * rsp * error 6,155
3bcb9d23,206.76.200.200 * a4 ba db 85 d2 de via eth2,14
3f40a5d8,(REFUSED) resolving * 141.142.2.2#53,180
2e140c65,resolving '142.228.73.182.in-addr.arpa' (in '228.73.182.in-addr.arpa'?) *,2
8645d21f,resolving '142.228.73.182.in-addr.arpa/PTR/IN' 2404 a800 0 *,6
ae6fe12c,resolving '34.48.102.14.in-addr.arpa' (in '48.102.14.in-addr.arpa'?) *,8
6539883b,* * f0 4d a2 0b * * via eth0,20
42e723c8,resolving '198.172.74.182.in-addr.arpa/PTR/IN' 2404 a800 0 *,6
e90f92c0,(REFUSED) resolving '63.44.97.94.in-addr.arpa/PTR/IN' *,16
a134c5ca,resolving * 2001 250 c006 8#53,7
85d88bce,resolving * (in '51.74.182.in-addr.arpa'?) *,4
8f2a7eb9,resolving '118.51.74.182.in-addr.arpa/PTR/IN' 2404 a800 0 *,6
29cc00a3,* * a4 ba db 00 * * via eth0,28
8f05c4d0,10.4.205.17 * 00 26 6c fe 86 4e via *,36
e1bc373d,resolving 'cddis.gsfc.nasa.gov/AAAA/IN' 2001 4d0 * 401 *,3
95f8cece,resolving 'nse1.jpl.nasa.gov/AAAA/IN' 2001 4d0 * 401 *,6
40bd2621,resolving * 2001 502 ad09 *,15
37d92ea9,resolving * 2610 a1 * 1#53,8
26479d42,* at Fri Mar 1 03 * * 2013,166
0fac3920,(REFUSED) resolving 'backup-ns.yn.cninfo.net/AAAA/IN' 202.98.160.68#53,1
b69c2b79,* at Sat Mar 1 03 * * 2014,182
aa0db8fe,Storage Service EventID * The battery * * is * Battery 0 Controller *,3
f51b1ad7,(REFUSED) resolving * 186.202.127.191#53,3
76659cbc,(REFUSED) resolving 'ns2.cpanel0094.hospedagemdesites.ws/AAAA/IN' 186.202.127.192#53,2
6a4f74d6,pid * from 129.114.15.13,31
eb9a9023,Xid (0000 0d 00) 31 Ch 00000001 engmask 00000101 intr 10000000,1
16545ba1,resolving '34.138.172.110.in-addr.arpa' (in '138.172.110.in-addr.arpa'?) *,4
02c009b5,resolving '22.114.73.182.in-addr.arpa' (in '114.73.182.in-addr.arpa'?) *,2
291cb842,resolving '22.114.73.182.in-addr.arpa/PTR/IN' 2404 a800 0 *,6
1d285360,206.76.192.97 * 78 2b cb 3e 27 1e via *,32
cf69f895,general protection rip * rsp * error 0,55
b056168f,(REFUSED) resolving * 129.93.6.189#53,61
912a11bd,resolving * 2a00 1398 8 9 53 2#53,3
469a3391,04 * * GATEKEEPER_JM_ID 2014-03-01.04 * * mapped to inca (800133 80230),2
99bdc3a5,04 * * GATEKEEPER_JM_ID 2014-03-01.04 * * has GRAM_SCRIPT_JOB_ID * manager type fork,2
31ca06c4,resolving '157.62.121.188.in-addr.arpa/PTR/IN' 2607 f208 * 64#53,2
4c1407d7,resolving * 2001 4d0 6318 909 198 9 9 100#53,2
73a4b9cd,resolving * 2001 4d0 9700 23 129 99 23 100#53,2
73c3eab0,(SERVFAIL) resolving * 220.248.192.10#53,6
44b64637,resolving '176.77.156.88.in-addr.arpa/PTR/IN' 2a00 9f00 a 3 33#53,1
6ead1e42,resolving '128.135.99.129.in-addr.arpa/PTR/IN' 2001 4d0 * 401 *,3
e0ec67a0,resolving * 2001 500 87 87#53,8
b78173a7,resolving * 2001 558 1014 c 68 87 76 228#53,9
6f97e9d4,restart.,11
eb4da921,resolving '126.126.116.129.in-addr.arpa/PTR/IN' 2002 8174 7e04 8174 7e04#53,1
7d20e759,resolving * 2610 80 0 100 17#53,3
d38775a3,resolving '2.0-26.142.116.129.in-addr.arpa' (in '0-26.142.116.129.in-addr.arpa'?) *,18
63416475,(SERVFAIL) resolving * 220.248.192.11#53,6
5e940d0e,(REFUSED) resolving '199.6.237.66.in-addr.arpa/PTR/IN' *,4
61d833ac,pid * from 129.114.62.13,3
41593687,(REFUSED) resolving '206.20.213.67.in-addr.arpa/PTR/IN' *,4
9bae6689,resolving * 2001 558 1004 7 68 87 85 132#53,14
bddff910,resolving '203.80.250.180.in-addr.arpa' (in '80.250.180.in-addr.arpa'?) *,8
4ed89c42,(SERVFAIL) resolving * 143.111.2.71#53,8
3f69f964,resolving * 2620 105 b050 1#53,5
3b7d9784,resolving * 2001 500 2c 254#53,4
7b0572c0,resolving * 2001 a98 30 ad 11#53,10
6c7c942d,(SERVFAIL) resolving '178.13.201.202.in-addr.arpa/PTR/IN' 202.201.0.131#53,28
262cfa8a,resolving 'services.nmt.edu' (in 'nmt.edu'?) 128.123.3.5#53,1
2ce1b5d8,resolving * 2405 3000 3 6 15#53,2
3d311b7e,(REFUSED) resolving '160.92.47.96.in-addr.arpa/PTR/IN' *,3
08b52116,resolving '117.111.87.218.in-addr.arpa' (in '87.218.in-addr.arpa'?) *,32
4dbc9780,resolving * 2a01 358 5110 2 *,13
3a546b69,(REFUSED) resolving '219.83.107.129.in-addr.arpa/PTR/IN' 128.196.128.233#53,1
03ddde44,resolving 'nn.uninett.no/A/IN' 2001 700 0 * aa *,3
a5ec4286,resolving * 2001 948 4 2 19#53,2
b315a305,(REFUSED) resolving * 129.107.62.80#53,12
41cb9b15,resolving * 2607 f720 100 100 231#53,3
4dc9e042,(REFUSED) resolving '114.78.107.129.in-addr.arpa/PTR/IN' *,2
7726b0d9,resolving * 2600 1401 2 25#53,4
90f730c9,(REFUSED) resolving '215.96.7.152.in-addr.arpa/PTR/IN' 152.46.13.45#53,1
64944cb0,resolving * 2001 480 10 1048 7#53,3
fb87a125,resolving '169.215.129.134.in-addr.arpa/PTR/IN' *,8
57688d73,resolving '171.8.189.18.in-addr.arpa/PTR/IN' 2600 1401 1 64#53,1
e7a8ff4f,resolving * 2a00 1620 c0 220 194 119 192 34#53,9
9e94eb9f,resolving * 2604 3e00 0 * 1#53,30
a74618e8,(REFUSED) resolving '132.70.220.128.in-addr.arpa/PTR/IN' 128.220.8.20#53,1
6706ee7b,re-exec init,1
9b185776,resolving '73.102.120.128.in-addr.arpa/PTR/IN' 2607 f810 3f0 *,3
334d9457,(REFUSED) resolving '88.83.107.129.in-addr.arpa/PTR/IN' *,5
45074168,resolving * 2607 fb60 e * d#53,5
18b5ae02,'104.48.83.206.in-addr.arpa/PTR/IN' 98.124.194.1#53,6
d0d145d4,'104.48.83.206.in-addr.arpa/PTR/IN' 98.124.193.1#53,6
1590f051,'104.48.83.206.in-addr.arpa/PTR/IN' 98.124.196.1#53,6
c3936351,'104.48.83.206.in-addr.arpa/PTR/IN' 98.124.192.1#53,6
5a6fc648,'104.48.83.206.in-addr.arpa/PTR/IN' 98.124.197.1#53,6
537830dd,resolving * 2607 f750 8001 1000 50#53,11
746db0f4,(SERVFAIL) resolving '250.146.30.50.in-addr.arpa/PTR/IN' *,13
c171e279,resolving * 2610 e0 1 1 150 199 1 11#53,2
4271bfd2,(SERVFAIL) resolving * 143.111.251.71#53,9
61f2b72a,(SERVFAIL) resolving '169.146.30.50.in-addr.arpa/PTR/IN' *,4
ec714262,(REFUSED) resolving '103.60.42.128.in-addr.arpa/PTR/IN' 128.210.11.5#53,1
cd47832c,resolving '103.60.42.128.in-addr.arpa/PTR/IN' 2001 18e8 800 202 a#53,1
fd9da586,(SERVFAIL) resolving * 192.195.87.5#53,2
8c211b41,resolving 'scsnms.switch.ch/AAAA/IN' 2001 620 0 1b 5054 ff fe74 8780#53,1
9ac64c64,(REFUSED) resolving '87.72.122.161.in-addr.arpa/PTR/IN' 134.75.30.1#53,2
502b2c2d,(REFUSED) resolving * 173.209.173.2#53,9
972a365b,resolving * 2a02 2a50 6 53#53,2
d60c8725,(REFUSED) resolving '212.22.235.23.in-addr.arpa/PTR/IN' *,6
cd431687,resolving '102.196.48.24.in-addr.arpa' (in '196.48.24.in-addr.arpa'?) *,4
0f3b9b75,resolving '86.245.73.182.in-addr.arpa' (in '245.73.182.in-addr.arpa'?) *,2
6478c8d3,resolving '18.241.69.114.in-addr.arpa' (in '241.69.114.in-addr.arpa'?) *,8
727a1e72,resolving '62.172.74.182.in-addr.arpa/PTR/IN' 2404 a800 0 *,18
a0648f8e,resolving '86.245.73.182.in-addr.arpa/PTR/IN' 2404 a800 0 *,6
d468b4af,resolving '107.81.139.24.in-addr.arpa' (in '81.139.24.in-addr.arpa'?) 206.248.79.244#53,1
400e249f,resolving '162.141.246.24.in-addr.arpa' (in '141.246.24.in-addr.arpa'?) *,2
2e1e9ae6,(SERVFAIL) resolving '182.38.213.49.in-addr.arpa/PTR/IN' *,4
95a36d48,resolving * 2001 c20 18 a 36#53,4
015bdbd8,resolving '246.243.74.182.in-addr.arpa/PTR/IN' 2404 a800 0 *,6
7250180d,resolving '246.243.74.182.in-addr.arpa' (in '243.74.182.in-addr.arpa'?) *,2
5cff17d0,(SERVFAIL) resolving '204.37.213.49.in-addr.arpa/PTR/IN' *,4
37711579,resolving * 2001 550 1 * d#53,18
52cc53e6,resolving 'zamserv.zamtel.zm' (in 'zamtel.zm'?) 41.72.99.83#53,2
63ef9765,resolving '95.55.183.216.in-addr.arpa' (in '55.183.216.in-addr.arpa'?) *,8
860a134b,resolving * 2607 fff0 d5 * 1#53,20
2ee0aa5b,resolving '254.51.74.182.in-addr.arpa/PTR/IN' 2404 a800 0 *,6
ff806996,resolving * 2001 43f8 110 11#53,2
1373a178,resolving * 2001 500 86 86#53,2
e93ec007,resolving * 2607 * * 10#53,5
3ddda52f,resolving '17.36.86.41.in-addr.arpa' (in '36.86.41.in-addr.arpa'?) *,4
34974942,resolving 'ns1.lse.ac.uk/A/IN' 2001 610 1 800a 192 87 106 101#53,1
ad5e918c,resolving * 2001 630 0 * 14#53,9
f57e64cc,resolving * 2a00 d78 0 102 193 176 144 *,11
eb6037a7,resolving 'ns3.ja.net/AAAA/IN' 2001 630 0 *,4
1cbfa2f5,resolving * 2a00 1188 5 212#53,2
0656b0a3,resolving * 2001 7b8 606 85#53,6
31ccf06e,resolving 'ns3.ja.net/A/IN' 2001 630 0 *,3
d7dc7e81,resolving * 2001 668 1f 11 105#53,6
59b8dd58,resolving '26.219.120.187.in-addr.arpa' (in '219.120.187.in-addr.arpa'?) *,4
0c1e0f72,resolving * 2001 503 * ffff ffff ffff ffff ff7e#53,4
9c1c95ee,(SERVFAIL) resolving '174.122.49.129.in-addr.arpa/PTR/IN' *,8
73388784,(REFUSED) resolving '137.25/128.108.219.129.in-addr.arpa/PTR/IN' 128.138.213.13#53,1
4a2002da,resolving 'nsx.lbl.gov/A/IN' 2620 83 8000 140 3#53,1
41340534,(REFUSED) resolving '48.78.107.129.in-addr.arpa/PTR/IN' *,3
72cf927e,(REFUSED) resolving '228.176.107.129.in-addr.arpa/PTR/IN' *,2
0d6d70b9,resolving * 2a00 1560 0 122 2#53,4
1c46f781,resolving '234.36.102.14.in-addr.arpa' (in '36.102.14.in-addr.arpa'?) *,4
16015e54,resolving '242.137.220.41.in-addr.arpa/PTR/IN' 2c0f fd20 1000 2 7#53,1
8c144398,resolving '154.81.61.42.in-addr.arpa/PTR/IN' 2001 c20 10 a 37#53,1
f61bdb82,resolving '241.11.227.46.in-addr.arpa/PTR/IN' 2a00 c40 6 *,2
4fd9db5b,1-5.1 reset low speed USB device using ehci_hcd and address 3,6
8dce3a87,resolving 'ns2.qx.net/A/IN' 2607 f100 0 128 *,2
3f218a9e,(REFUSED) resolving '136.60.239.66.in-addr.arpa/PTR/IN' *,4
51099a37,(REFUSED) resolving '50.6.237.66.in-addr.arpa/PTR/IN' *,4
4bcb9df1,(REFUSED) resolving '53.173.248.66.in-addr.arpa/PTR/IN' 65.112.145.66#53,1
d13583b8,(REFUSED) resolving '220.42.230.67.in-addr.arpa/PTR/IN' *,4
aaad090c,(REFUSED) resolving '90.9.107.67.in-addr.arpa/PTR/IN' *,4
2e9b539c,resolving '55.39.65.68.in-addr.arpa/PTR/IN' 2607 fe10 0 414 210#53,1
724a5e3b,(REFUSED) resolving '105.147.54.69.in-addr.arpa/PTR/IN' *,4
7bf70d4c,(REFUSED) resolving '14.116.170.68.in-addr.arpa/PTR/IN' *,4
96d43e03,resolving '249.196.35.72.in-addr.arpa/PTR/IN' 2607 f248 8#53,1
ed4f7422,(REFUSED) resolving '77.175.2.72.in-addr.arpa/PTR/IN' *,4
1ca914ee,(REFUSED) resolving '172.161.2.72.in-addr.arpa/PTR/IN' *,4
083d6f20,(REFUSED) resolving '184.216.226.203.in-addr.arpa/PTR/IN' 203.235.122.164#53,2
5b7d23e8,resolving '160.234.51.72.in-addr.arpa' (in '234.51.72.in-addr.arpa'?) *,4
039e606b,(REFUSED) resolving '107.183.243.72.in-addr.arpa/PTR/IN' *,4
525a01ad,(REFUSED) resolving '103.158.250.72.in-addr.arpa/PTR/IN' *,4
0832cbab,(REFUSED) resolving '87.94.122.74.in-addr.arpa/PTR/IN' *,4
66f1bbcb,resolving '35.66.10.76.in-addr.arpa/PTR/IN' 2605 9400 a 111#53,1
9b426178,resolving * 92.249.68.253#53,2
79cf49fc,resolving * 2001 dcd 7 8#53,4
23cfd056,* at Fri Mar 1 04 * * 2013,160
1e299ebe,resolving '128.43.184.80.in-addr.arpa' (in '43.184.80.in-addr.arpa'?) *,6
6b14f486,resolving '109.151.114.79.in-addr.arpa' (in '151.114.79.in-addr.arpa'?) 62.231.76.49#53,2
abb6ca3a,resolving * 2001 738 4 4000 3#53,4
b8f8e632,resolving '87.13.242.87.in-addr.arpa/PTR/IN' 2a02 808 3 101 2#53,1
cbcf1a1d,(REFUSED) resolving '100.219.35.89.in-addr.arpa/PTR/IN' 86.105.207.51#53,1
7c004913,resolving '144.160.253.89.in-addr.arpa' (in '160.253.89.in-addr.arpa'?) 83.222.161.131#53,1
65c6e859,resolving 'ns.sofia.cabletel.bg/AAAA/IN' 2a02 6a80 192 92 129 99#53,1
5ec5849c,resolving '50.51.74.182.in-addr.arpa/PTR/IN' 2404 a800 0 *,6
85674501,resolving 'ns1.univie.ac.at/A/IN' 2a02 568 20 8#53,1
073814ee,resolving 'ns1.univie.ac.at/A/IN' 2001 62a 4 * 53 *,2
843c17c2,resolving 'ns1.univie.ac.at/A/IN' 2001 67c 133c 2#53,1
82610267,resolving * 2001 678 d cafe#53,4
f3af0ffe,resolving 'ns1.univie.ac.at/A/IN' 2001 628 2030 4303 7#53,1
77ebf8c5,* at Sat Mar 1 04 04 * 2014,189
4679f0cc,(REFUSED) resolving '12.92.47.96.in-addr.arpa/PTR/IN' *,3
298efdb4,resolving * (in '145.98.in-addr.arpa'?) *,8
ba1393c0,(REFUSED) resolving '9.2.145.98.in-addr.arpa/PTR/IN' *,6
e3abe066,(REFUSED) resolving '22.208.107.97.in-addr.arpa/PTR/IN' 66.159.43.12#53,1
37b3b7a2,(REFUSED) resolving '32.24.145.98.in-addr.arpa/PTR/IN' *,6
bbe4e21b,resolving '62.242.78.101.in-addr.arpa/PTR/IN' 2407 8000 15 17 * * * 250#53,2
4deae759,(REFUSED) resolving '230.133.36.104.in-addr.arpa/PTR/IN' 8.33.16.2#53,2
3b1b6932,(REFUSED) resolving * 109.121.255.4#53,4
ddca7156,resolving * 2001 3c8 1209 1 22#53,2
3a423a27,resolving 'ns2.glbb.ne.jp/A/IN' 2404 2d00 fe01 5 53#53,1
08633a31,resolving * 2405 da00 1 2 *,6
39000153,(REFUSED) resolving '182.174.100.116.in-addr.arpa/PTR/IN' *,4
12bd9a8d,(REFUSED) resolving * 203.113.131.2#53,2
04ab93ba,resolving '233.233.231.123.in-addr.arpa/PTR/IN' 2400 8000 2 1 2#53,2
c0d16421,resolving '233.233.231.123.in-addr.arpa' (in '233.233.231.123.in-addr.arpa'?) 202.152.5.36#53,1
05958db5,resolving 'ns5.spectranet.com/AAAA/IN' 2001 fd0 da 2#53,1
7a4285d0,(REFUSED) resolving '72.17.0.142.in-addr.arpa/PTR/IN' *,4
ecddf5cb,resolving '165.145.220.162.in-addr.arpa' (in '145.220.162.in-addr.arpa'?) *,6
df6c9591,resolving '133.146.220.162.in-addr.arpa' (in '146.220.162.in-addr.arpa'?) *,6
199f3153,(REFUSED) resolving '253.103.246.162.in-addr.arpa/PTR/IN' *,6
30fd2843,resolving '34.171.222.162.in-addr.arpa' (in '171.222.162.in-addr.arpa'?) 199.27.176.26#53,1
1e68986d,(REFUSED) resolving '99.39.0.173.in-addr.arpa/PTR/IN' *,4
ce83e3b4,resolving '183.29.154.165.in-addr.arpa' (in '29.154.165.in-addr.arpa'?) *,4
cca24e43,(REFUSED) resolving '246.75.209.173.in-addr.arpa/PTR/IN' *,4
010a1926,resolving * 2a00 d18 f00d b0ba 250 56ff *,7
bf5abc98,resolving * 2001 dcc 5 100#53,14
11f9de61,resolving '90.46.149.180.in-addr.arpa' (in '46.149.180.in-addr.arpa'?) 202.78.168.14#53,1
41484b74,resolving * 2403 5800 1 * 53#53,2
e7cf0734,resolving '55.249.243.180.in-addr.arpa' (in '249.243.180.in-addr.arpa'?) *,4
cb27695e,resolving '187.217.250.180.in-addr.arpa' (in '217.250.180.in-addr.arpa'?) *,4
b824711d,(REFUSED) resolving '187.178.20.184.in-addr.arpa/PTR/IN' *,4
40627886,restart (remote reception).,2
5a0a7428,(REFUSED) resolving '76.142.140.190.in-addr.arpa/PTR/IN' 200.75.200.2#53,2
c080cb19,(REFUSED) resolving '45.3.92.192.in-addr.arpa/PTR/IN' *,8
d006088d,(REFUSED) resolving '121.7.92.192.in-addr.arpa/PTR/IN' *,8
12045fc6,(REFUSED) resolving '204.7.92.192.in-addr.arpa/PTR/IN' *,8
0e6a4cfd,resolving '227.12.232.192.in-addr.arpa' (in '12.232.192.in-addr.arpa'?) *,6
16fb205a,resolving '208.236.2.195.in-addr.arpa/PTR/IN' 2a02 f080 1 350#53,2
eaaf826e,resolving '208.236.2.195.in-addr.arpa' (in '236.2.195.in-addr.arpa'?) 195.149.112.1#53,2
faf1c99f,resolving * 2a01 4f8 161 73e1 5 9 197 92#53,4
ab992671,resolving * 2a01 6b0 1 2 225 122#53,4
c98b15c0,(SERVFAIL) resolving * 158.152.1.193#53,4
c2832915,resolving * 2001 * 4#53,8
15ccfd79,(REFUSED) resolving '55.206.159.197.in-addr.arpa/PTR/IN' 197.159.192.34#53,2
ad8b9fb3,(REFUSED) resolving '118.137.248.197.in-addr.arpa/PTR/IN' *,8
e350163e,(REFUSED) resolving '50.145.248.197.in-addr.arpa/PTR/IN' *,8
000ae426,(REFUSED) resolving '219.145.248.197.in-addr.arpa/PTR/IN' *,8
71f42844,(REFUSED) resolving '12.26.73.198.in-addr.arpa/PTR/IN' *,8
d461d344,(REFUSED) resolving '5.11.186.198.in-addr.arpa/PTR/IN' *,12
e626ac58,(REFUSED) resolving '140.222.48.199.in-addr.arpa/PTR/IN' 199.48.216.10#53,4
1dfe7127,(REFUSED) resolving '112.97.119.199.in-addr.arpa/PTR/IN' *,8
e3c2fe29,resolving '150.90.73.182.in-addr.arpa/PTR/IN' 2404 a800 0 *,12
51cfd6d4,(REFUSED) resolving '198.99.119.199.in-addr.arpa/PTR/IN' *,8
c331a376,resolving '190.50.74.182.in-addr.arpa' (in '50.74.182.in-addr.arpa'?) *,4
fefc8bd1,resolving '190.50.74.182.in-addr.arpa/PTR/IN' 2404 a800 0 *,12
7ba7764e,resolving * (in * 202.56.230.6#53,38
ba2b5eb7,resolving '38.58.74.182.in-addr.arpa/PTR/IN' 2404 a800 0 *,18
8c190f28,resolving * 2801 140 * 10#53,16
30005365,resolving * (in * 202.56.230.5#53,38
d8da9574,resolving '198.135.74.182.in-addr.arpa/PTR/IN' 2404 a800 0 *,12
348bd2a7,resolving * 2804 2e0 0 2 *,40
5a7b78e7,resolving '26.247.74.182.in-addr.arpa/PTR/IN' 2404 a800 0 *,24
7af51532,resolving * 2404 a800 0 14 *,244
434fccc8,resolving * 2404 a800 0 b 9#53,122
56fb9169,(SERVFAIL) resolving '51.120.79.203.in-addr.arpa/PTR/IN' *,8
19246915,resolving * 2001 dce * 2 130#53,16
29a0448d,resolving '110.104.20.201.in-addr.arpa/PTR/IN' 2804 248 ba1d cafe *,4
b950bfc5,resolving '101.33.153.203.in-addr.arpa' (in '33.153.203.in-addr.arpa'?) 203.153.41.28#53,2
7697f21c,resolving '123.11.53.206.in-addr.arpa' (in '11.53.206.in-addr.arpa'?) *,8
30bfd459,resolving '40.4.143.205.in-addr.arpa' (in '4.143.205.in-addr.arpa'?) *,8
16d2c1e6,(REFUSED) resolving '73.115.5.207.in-addr.arpa/PTR/IN' *,8
36be34f7,(SERVFAIL) resolving '114.150.34.207.in-addr.arpa/PTR/IN' *,8
ac05dcca,(REFUSED) resolving * 24.35.0.21#53,10
3d40b161,(REFUSED) resolving * 24.35.0.20#53,10
b6b7bcf8,resolving '187.25.104.208.in-addr.arpa/PTR/IN' 2607 f280 1001 101 2#53,2
65c6241d,resolving * 2001 470 2e 1 27#53,4
202a292c,resolving '46.229.73.216.in-addr.arpa' (in '229.73.216.in-addr.arpa'?) *,8
11a1be50,resolving '149.252.238.216.in-addr.arpa' (in '252.238.216.in-addr.arpa'?) *,12
3d1234ca,resolving '88.177.239.216.in-addr.arpa' (in '177.239.216.in-addr.arpa'?) *,8
0b982d49,(REFUSED) resolving '11.38.11.177.in-addr.arpa/PTR/IN' *,8
52433cad,resolving * 2804 10 5 88 2#53,4
3b0ca166,resolving * 2804 14 cafe beba faca#53,6
fda673fd,resolving * 2001 5a0 d00 ffff 42c6 *,16
1eec6d70,resolving * 189.115.162.162#53,12
0f292829,resolving '38.81.91.202.in-addr.arpa' (in '81.91.202.in-addr.arpa'?) 198.147.117.71#53,2
1fac082f,resolving 'ns1.intercampo.com.br/A/IN' 2804 124 0 3 *,4
91004b36,delaying resync of * * * has finished resync (they share one or more physical units),18
81f59a70,* 128k window over a total of * blocks.,98
0db5e66c,* maximum available idle IO bandwidth (but not more than 200000 KB/sec) for reconstruction.,96
c93a3ba3,* _guaranteed_ reconstruction speed 1000 KB/sec/disc.,102
d0ff39bb,* RAID array *,116
997e51c7,resolving '117.208.127.189.in-addr.arpa/PTR/IN' 189.127.208.10#53,4
3778aeda,(REFUSED) resolving '117.208.127.189.in-addr.arpa/PTR/IN' 189.127.208.4#53,4
7a909598,resolving '31.187.20.201.in-addr.arpa/PTR/IN' 2804 15c ca5a 150 4#53,2
8ef28134,* sync done.,176
8032ed34,* * throttled due to IO,18
6b1584ac,* * * o 1 dev *,360
afdd3414,* printout,174
8ca56c6a,* * rd 2,176
45131759,pid 26312 from 198.202.118.31,1
aa9823db,rd 4 wd 4 fd 0,2
24e585af,resolving * 2a01 111 * * 1 1#53,51
fe7dfa19,* 53 * GATEKEEPER_JM_ID * 53 * mapped to inca (800133 80230),2
411795a2,* 53 * GATEKEEPER_JM_ID * 53 * has GRAM_SCRIPT_JOB_ID * manager type sge,2
8455278c,(SERVFAIL) resolving * 206.13.28.11#53,5
59b9585f,* at Fri Mar 1 05 * * 2013,159
c906e5ff,* at Sat Mar 1 05 * * 2014,173
02c10056,* 08 * GATEKEEPER_JM_ID * 08 * mapped to inca (800133 80230),2
e948e377,* 08 * GATEKEEPER_JM_ID * 08 * has GRAM_SCRIPT_JOB_ID * manager type sge,2
b71e45fc,* 12 * GATEKEEPER_JM_ID * 12 * mapped to inca (800133 80230),2
e69b5b4a,* 12 * GATEKEEPER_JM_ID * 12 * has GRAM_SCRIPT_JOB_ID * manager type sge,2
166eb5df,command * * 0 detected to be pending while HBA reset.,2
e96729c4,adapter reset condition is detected waiting for it to restart...,1
a395fc60,moving * * 0 * on the defer queue as internal reset in progress.,2
ebc1dedf,FW state detected current f0000000 reset stage 1,1
9ff47dde,FW * * * in * state *,2
44d5ea98,HostDiag a0,1
41cce543,HBA recovery state machine state 2 starting...,1
b10e1457,Waiting for FW to come to ready state,1
e18f9e6d,second stage of reset complete FW is ready now.,1
0c8d861a,* scsi command [2a] * detected on the internal reset queue issue it again.,2
5f371a41,FW was restarted successfully initiating next stage...,1
9ffbf5a8,existing aen_cmd discovered in deferred processing freeing...,1
a1485031,resolving '92.206.210.62.in-addr.arpa/PTR/IN' 2001 bc8 1 8#53,2
011eace9,resolving * 2404 f800 2003 1 1#53,21
dd4892da,resolving '60.26.236.203.in-addr.arpa' (in '26.236.203.in-addr.arpa'?) *,4
6abfedb2,(REFUSED) resolving * 192.249.6.16#53,6
387d954d,resolving * 2001 4d0 8300 401 189#53,5
ba6a5b51,pid 13280 from 198.202.104.119,1
adac4685,pid 13277 from 198.202.104.121,1
e43ffe16,* at Fri Mar 1 06 * * 2013,152
6b617aea,* at Sat Mar 1 06 * * 2014,191
81b1b165,resolving 'grinch6.gdcb.iastate.edu/A/IN' 2610 130 * * 249#53,2
84f42c51,* 22 * GATEKEEPER_JM_ID * 22 * mapped to inca (800133 80230),4
8026df63,* 22 * GATEKEEPER_JM_ID * 22 * has GRAM_SCRIPT_JOB_ID * manager type fork,4
05c61b57,resolving 'crl.usertrust.com/A/IN' 2a02 1788 0 *,3
89a15d55,resolving 'ftp.mcs.anl.gov/AAAA/IN' 2620 0 dc0 180d 37#53,1
f25b2738,pid * from 129.114.58.176,10
4881253b,pid * from 128.211.128.46,2
4ec99fe4,resolving '54.230.99.129.in-addr.arpa/PTR/IN' 2001 4d0 * 401 *,2
2f37dc16,* at Fri Mar 1 07 * * 2013,144
318e0bf7,* at Sat Mar 1 07 * * 2014,150
0735a2a1,pid * from 192.249.6.125,3
159eed9e,resolving * 2607 f208 206 *,13
1c309480,resolving * 2607 e400 1000 5 66 90 133 117#53,4
fbcddae6,resolving * 2404 0 10a0 58#53,2
8feebb40,resolving * 2610 a1 * e8#53,7
7aac141d,### lock callback timer expired after * evicting client at * ns filter-work-OST0017_UUID lock * lrc 3/00 mode PW/PW res 42213411/0 rrc * type EXT * (req * flags 0x20 remote * expref * pid * timeout *,3
0d3b92af,* (import.c 159 ptlrpc_set_import_discon()) * Connection to service work-OST0017 via nid 206.76.208.61@o2ib was lost; in progress operations using this service will wait for recovery to complete.,17
43786c40,@@@ processing error * * * * 0/0 lens * e 0 to 0 dl * ref * fl Interpret * rc *,7
31d167cd,* * * lens * e 0 to 1 dl * ref 1 fl Rpc N/0/0 rc 0/0,17
7ece4626,* (client.c 1476 ptlrpc_expire_one_request()) @@@ Request * sent from * to NID 206.76.208.61@o2ib * ago has timed out * prior to deadline).,23
62bb0a55,work-OST0017 exp * already connecting,6
ccd9dd4e,* (import.c 517 import_select_connection()) * tried all connections increasing latency to *,37
672a5103,* * * * * * * * * * * lock * lrc 3/00 mode PW/PW res 42213411/0 rrc * type EXT * (req * flags 0x0 remote * expref * pid * timeout 0,2
d894b177,task * * blocked for more than 120 seconds.,6
ab49533f,"0 > /proc/sys/kernel/hung_task_timeout_secs"""" disables this message.""",6
81494910,D ffff810042f8a100 0 14139 1 14140 14138 (L-TLB),1
e6a76f7b,0000000000000046 * 0000000000000006,2
5f8c4082,000000000000f8af ffff810037f3e2d0 0000000a8006d0ef,1
dd4ec0ac,Trace,6
3fb1b2ad,getnstimeofday+0x10/0x28,3
8bb61d10,sync_page+0x0/0x42,6
2c078e9a,io_schedule+0x3f/0x67,6
069f22d3,sync_page+0x3e/0x42,6
6542258b,000000000000000a ffff810037f3e100 ffff810042f8a100,1
05164b4d,__wait_on_bit_lock+0x36/0x66,4
ca997b9e,__lock_page+0x5e/0x64,4
63a8f404,ptlrpc ldlm_cancel_lrur_policy+0x0/0x94,3
038c0c04,child_rip+0x0/0x11,4
d98d8e92,ptlrpc ldlm_bl_thread_main+0x0/0x4b3,4
d409b4fc,child_rip+0xa/0x11,4
2af0715f,audit_syscall_exit+0x330/0x35c,4
1121a0ce,default_wake_function+0x0/0xe,4
1d64c093,filp_close+0x5c/0x64,1
c9471b23,ptlrpc ldlm_bl_thread_main+0x27d/0x4b3,4
82a461c6,remove_wait_queue+0x1c/0x2c,4
c63fc8a5,ptlrpc ldlm_handle_bl_callback+0x19f/0x26f,4
790f8b42,ptlrpc lock_res_and_lock+0x28f/0x2a3,4
baeab587,osc osc_extent_blocking_cb+0x17c/0x391,4
48b59430,lustre ll_page_removal_cb+0x23a/0x504,2
a547f08e,ptlrpc __ldlm_handle2lock+0x509/0x574,4
9f6c3e7e,osc cache_remove_lock+0x221/0x2c4,4
329cffbb,ptlrpc __ptlrpc_req_finished+0xfa1/0x1109,4
06ec8dcc,dequeue_task+0x18/0x37,3
31bb2e60,ptlrpc ldlm_cli_cancel_list+0x380/0x4f9,3
9341cbec,ptlrpc ldlm_cli_cancel_local+0xfc/0x5c0,4
c409ee2a,ptlrpc ldlm_cli_cancel+0x14e/0x643,4
3a28edbc,ptlrpc ldlm_cancel_callback+0x114/0x19e,4
852c3582,osc osc_extent_blocking_cb+0x279/0x391,4
0cbf3052,wake_bit_function+0x0/0x23,6
753e8fe8,0000000000017bad ffff81062fe12a20 000000098006d0ef,1
3bdd710e,000000000000000a ffff81062fe12850 ffff8104f88390c0,1
a06b7f93,D 0000000000000002 0 * 1 * * (L-TLB),2
36fe00fd,000000000000000a ffff81062fe6d100 ffff8104146bc0c0,1
4aa25835,0000000000000046 000000000000683f ffffffff8015208b,1
6902c899,* o4->work-OST0017_UUID@206.76.208.61@o2ib 6/4 lens * e 1 to 1 dl 1362146166 ref 2 fl Rpc /0/0 rc 0/0,8
e950d0da,lustre ll_page_removal_cb+0x7d/0x504,2
2a7869ab,0000000000011cca ffff81062fe6d2d0 000000048006d0ef,1
2368c840,radix_tree_delete+0x14d/0x188,1
f03be77b,0000000000001776 ffff81062fad8960 000000078006d0ef,1
9685fc04,000000000000000a ffff81062fad8790 ffff8100cf251790,1
3367aec3,0000000000000046 0000000000000000 0000000000000000,3
8c1a8bc6,D ffff81000101c7a0 0 32065 1 4148 32064 (L-TLB),1
50159b20,cluster_send_IPI_mask+0x0/0x6a,1
53c04b61,* (import.c 1249 ptlrpc_import_recovery_state_machine()) 167-0 This client was evicted by work-OST0017; in progress operations using this service will fail.,17
df6259c9,* (ldlm_request.c 1025 ldlm_cli_cancel_req()) Got rc * from cancel RPC canceling anyway,9
d48e8b68,* (ldlm_request.c 1583 ldlm_cli_cancel_list()) ldlm_cli_cancel_list *,10
9c95d9fb,* (llite_mmap.c 210 ll_tree_unlock()) couldn't unlock -5,17
358cd485,* (ldlm_resource.c 519 ldlm_namespace_cleanup()) Namespace * resource refcount nonzero * after lock cleanup; forcing cleanup.,17
62353afa,* (ldlm_resource.c 524 ldlm_namespace_cleanup()) Resource * (42213411/0/0/0) (rc 1),17
d5ff6750,@@@ Request * took longer than estimated (106+30s); client may timeout. * * * 0/0 lens 448/416 e 1 to 0 dl 1362146143 ref 1 fl Complete H/0/0 rc 0/0,2
225a7f66,ldlm_cancel from 206.76.211.180@o2ib arrived at 1362146173 with bad export cookie 2773912643120629073,1
65d1d487,work-OST0017 * reconnecting,5
23d5c1dd,* (import.c 855 ptlrpc_connect_interpret()) work-OST0017_UUID@206.76.208.61@o2ib changed server handle from * to *,15
2848c891,(SERVFAIL) resolving '45.128.211.128.in-addr.arpa/PTR/IN' 128.42.209.32#53,1
8af0cd57,08 * * GATEKEEPER_JM_ID 2014-03-01.08 * * has GRAM_SCRIPT_JOB_ID * manager type fork,2
10d41551,08 * * GATEKEEPER_JM_ID 2014-03-01.08 * * mapped to inca (800133 80230),2
c3e39f8b,resolving '154.111.202.202.in-addr.arpa' (in '111.202.202.in-addr.arpa'?) *,1497
72c8aab8,Storage Service EventID 2266 Controller log file entry Controller 1 (PERC 6/E Adapter),1
116c5685,resolving * 2001 660 3005 1 1 2#53,2
31c224c9,* at Fri Mar 1 08 * * 2013,143
79b1419a,* at Sat Mar 1 08 * * 2014,149
0a06c52a,Failed to close gconfd logfile; data may not have been properly saved (Disk quota exceeded),5
583c60d2,Failed to close new saved state file '/home1/00163/dgignac/.gconfd/saved_state.tmp' Disk quota exceeded,5
e141c1f8,(SERVFAIL) resolving * 217.70.177.40#53,3
92fc8f10,resolving * 2607 f220 404 101 80e7 80fb#53,2
61f825c7,resolving 'pfe22.nas.nasa.gov/A/IN' 2001 4d0 * 401 *,2
4e9ae809,resolving * 2405 8a00 1000 2#53,8
31f3e6e0,resolving 'mirror.chpc.utah.edu/A/IN' 2001 1948 414 3 a#53,1
69388d46,Storage Service EventID * The Patrol Read has * Controller 0 (PERC 6/i Integrated),2
70c78ed8,resolving * 2607 f220 418 4101 80e7 401#53,2
fb48ecab,resolving * 2607 f220 41e 252 *,4
9d7def4f,resolving 'ws.peci.com/A/IN' 2600 1801 13 1#53,1
5a12532a,* at Fri Mar 1 09 * * 2013,137
1066970f,* at Sat Mar 1 09 * * 2014,136
5163a29b,resolving 'www.pip-installer.org/AAAA/IN' 2a00 c98 2100 a006 3 1#53,1
09419d05,resolving * 2a01 5b0 * 5#53,7
d955a6c3,resolving 'ns.domrobot.com/A/IN' 2604 9a00 2010 a013 1 1#53,1
cf13c840,resolving 'ns.domrobot.info/A/IN' 2a01 4f8 130 90e1 2#53,1
4b644ebd,resolving 'ns2.domaindiscount24.net/A/IN' 2001 868 100 800 213 128 138 234#53,1
8aa4cc07,resolving 'ns2.domaindiscount24.net/A/IN' 2a00 12c0 1012 100 193 46 215 55#53,1
0170e0ee,resolving 'www.pycrypto.org/AAAA/IN' 2604 5500 4 2#53,1
a425c4dc,resolving * 2003 40 8000 100#53,4
0f6a98c4,resolving 'dns1.uni-stuttgart.edu/AAAA/IN' 2001 7c0 7c0 1 babe face#53,1
cbb4a591,resolving * 2600 3c02 f03c 91ff fe93 407#53,6
29c10941,resolving * 2001 4d0 2300 401 185#53,3
a745afe8,09 55 07 GATEKEEPER_JM_ID 2014-03-01.09 55 04.0000017597.0000000000 mapped to inca (800133 80230),1
c194657a,09 55 07 GATEKEEPER_JM_ID 2014-03-01.09 55 04.0000017597.0000000000 has GRAM_SCRIPT_JOB_ID 1806118.0 manager type sge,1
19895452,resolving '36.68.55.128.in-addr.arpa/PTR/IN' 2001 400 *,2
f017a547,no mpdid yet,18
f27a4d40,mpdid login2.ls4.tacc.utexas.edu_59171 (port 59171),1
a33d9d28,new log; *,61
c2ba7b63,resolving * 2607 4000 200 4f 53#53,3
61d485c1,resolving * 2610 b8 131#53,4
8c6b43b4,* (file.c 3312 ll_inode_revalidate_fini()) failure -2 inode *,34
140e1d9a,* at Fri Mar 1 10 * * 2013,137
c6de765d,* at Sat Mar 1 10 * * 2014,131
26a66d79,resolving * 2610 148 * f400 3#53,4
164f0450,* (file.c 3329 ll_inode_revalidate_fini()) failure -43 inode 401735681,16
f1727663,resolving * 2001 660 5301 1e 101#53,3
80857e43,10 * * GATEKEEPER_JM_ID 2014-03-01.10 * * mapped to inca (800133 80230),2
7e7307b9,10 * * GATEKEEPER_JM_ID 2014-03-01.10 * * has GRAM_SCRIPT_JOB_ID * manager type sge,2
9e4e7041,starting (version 2.14.0) pid * user *,4
c4d2b7f8,"Resolved address """"xml * * to a * configuration source at position *",14
6e332e25,resolving * 2001 630 0 45 11#53,4
0657d962,Exiting,4
53846cde,GConf server is not in use shutting down.,4
27298792,segfault at * rip * rsp * error 15,13
a5b3e7b5,Storage Service EventID * The controller battery Learn cycle * * * * * Battery 0 Controller *,3
24cfdc35,pid * from 141.142.164.101,2
2127c980,mpdid c300-106.ls4.tacc.utexas.edu_46195 (port 46195),1
e1044a0c,mpdid c300-113.ls4.tacc.utexas.edu_44667 (port 44667),1
fb4ab126,* Warning the directory pointed by TMPDIR * does not exist! /tmp will be used.,10
5da87366,mpdid c300-106.ls4.tacc.utexas.edu_54482 (port 54482),1
d0aff3d0,resolving 'evsecure-ocsp.verisign.com/A/IN' 2001 503 a83e 2 31#53,1
bc90d0d6,10 50 04 GATEKEEPER_JM_ID 2013-03-01.10 50 03.0000018831.0000000000 has GRAM_SCRIPT_JOB_ID 1053349.0 manager type sge,1
8e0f8eda,10 50 04 GATEKEEPER_JM_ID 2013-03-01.10 50 03.0000018831.0000000000 mapped to inca (800133 80230),1
dabc66de,* * * the * * * daemon * * * * * the mpd ring,6
f6949eaf,* failed to connect to the left neighboring daemon *,24
d7f8965e,mpdid c300-110.ls4.tacc.utexas.edu_59446 (port 59446),1
1b00d4a2,mpdid c300-111.ls4.tacc.utexas.edu_58501 (port 58501),1
df649cc1,mpdid c300-110.ls4.tacc.utexas.edu_40025 (port 40025),1
a608855d,mpdid * (inside cleanup),5
5b37e829,1072) reenter_ring returned 0 after 1 tries,2
ad62849f,mpdid c300-101.ls4.tacc.utexas.edu_54520 (port 54520),1
b338ea49,mpdid c300-112.ls4.tacc.utexas.edu_37576 (port 37576),1
411bedbe,mpdid c300-101.ls4.tacc.utexas.edu_45060 (port 45060),1
942ec6cb,resolving '44.247.78.66.in-addr.arpa/PTR/IN' 2604 b180 0 601 3#53,2
f3d3e70e,* at Fri Mar 1 11 * * 2013,138
c84605ff,* at Sat Mar 1 11 * * 2014,121
82428889,resolving * 2001 4d0 6300 401 181#53,3
63c2228d,(REFUSED) resolving '209.25.107.129.in-addr.arpa/PTR/IN' *,9
64ae724a,'110.48.83.206.in-addr.arpa/PTR/IN' 98.124.196.1#53,4
39ecb62d,'110.48.83.206.in-addr.arpa/PTR/IN' 98.124.197.1#53,4
1e3855a3,'110.48.83.206.in-addr.arpa/PTR/IN' 98.124.193.1#53,4
efc14dc7,'110.48.83.206.in-addr.arpa/PTR/IN' 98.124.194.1#53,4
eb37c4ac,'110.48.83.206.in-addr.arpa/PTR/IN' 98.124.192.1#53,4
03d9bb59,user /DC EDU/DC UTEXAS/DC TACC/O UT-AUSTIN/O TACC MICS CA/CN *,5
dab43529,gid 25503,3
dcaf66e3,* * * GATEKEEPER_JM_ID * * * for /DC EDU/DC UTEXAS/DC TACC/O UT-AUSTIN/O TACC MICS CA/CN * * on 129.114.58.176,5
45238a9e,11 40 * GATEKEEPER_JM_ID 2013-03-01.11 40 45.0000030322.0000000000 mapped to mock (14768 25503),3
4f521cb8,11 40 * GATEKEEPER_JM_ID 2013-03-01.11 40 45.0000030322.0000000000 has GRAM_SCRIPT_JOB_ID * manager type fork,3
5421b3cb,resolving 'e12-0612-02.coe.ad.mtu.edu/A/IN' 2001 48a8 * * 1e#53,2
69905257,resolving * 2001 630 181 35 83#53,5
ea31c6de,resolving '2521-4.seas.ucla.edu/A/IN' 2607 * 0 * * ff fe01 35#53,4
4e88c06f,mpdid c300-113.ls4.tacc.utexas.edu_41057 (port 41057),1
f8f7e50c,mpdid c300-106.ls4.tacc.utexas.edu_37853 (port 37853),1
d8a8a0a9,mpdid c300-113.ls4.tacc.utexas.edu_60136 (port 60136),1
d6767f4e,* 01 * GATEKEEPER_JM_ID * 01 * mapped to inca (800133 80230),3
b70dc117,* 01 * GATEKEEPER_JM_ID * 01 * has GRAM_SCRIPT_JOB_ID * manager type fork,3
87329347,* at Fri Mar 1 12 12 * 2013,140
6d59945f,* at Sat Mar 1 12 * * 2014,117
6fb261bd,mpdid c300-110.ls4.tacc.utexas.edu_50362 (port 50362),1
b64878f1,mpdid c300-111.ls4.tacc.utexas.edu_58232 (port 58232),1
3a791e78,mpdid c300-111.ls4.tacc.utexas.edu_58938 (port 58938),1
8d56b45c,resolving * 2a02 568 0 2 53#53,10
be34de05,resolving * 2a00 d40 1 1 5#53,4
97ae1c31,resolving 'galipollo.rediris.es/A/IN' 2001 690 a80 4001 200#53,1
cca0819e,resolving 'crl.ca.ngs.ac.uk/A/IN' 2001 630 0 47 42#53,1
2fe1b605,mpdid c300-112.ls4.tacc.utexas.edu_58246 (port 58246),1
97f5dec0,* at Fri Mar 1 13 * * 2013,361
2ec28226,* at Sat Mar 1 13 * * 2014,112
1b821356,resolving 'ns.lacnic.net.uy/AAAA/IN' 2001 13c7 7001 4224 224#53,1
c659113f,resolving '36.44.254.27.in-addr.arpa/PTR/IN' 2404 b0 4 213 *,2
844050f0,Storage Service EventID * The controller write policy has been changed to Write * Battery 0 Controller 1,2
875d3c56,resolving '23.195.9.46.customer.cdi.no/A/IN' 2001 700 0 52d 158 38 8 133#53,1
9b991791,(REFUSED) resolving '228.181.107.129.in-addr.arpa/PTR/IN' *,2
777bcf81,* at Fri Mar 1 14 14 14 2013,393
bb1ddc78,* at Sat Mar 1 * * 57 2014,451
9ce8bf31,resolving * 2a02 568 20 1 d#53,4
b7f5a87d,resolving 'ns1.univie.ac.at/AAAA/IN' 2001 678 1c 2#53,1
d3e32fc4,resolving 'ns1.univie.ac.at/AAAA/IN' 2001 628 2030 4301 2#53,1
a641eda2,mpdid login2.ls4.tacc.utexas.edu_60529 (port 60529),1
5c1f4a08,14 37 05 GATEKEEPER_JM_ID 2013-03-01.14 37 03.0000012658.0000000000 mapped to inca (800133 80230),1
d9e5b69a,14 37 05 GATEKEEPER_JM_ID 2013-03-01.14 37 03.0000012658.0000000000 has GRAM_SCRIPT_JOB_ID 1053776.0 manager type sge,1
6d2776f9,gid 803052,2
c906d003,14 39 * GATEKEEPER_JM_ID 2013-03-01.14 39 44.0000012995.0000000000 mapped to tkamer (816513 803052),2
9ccf1576,14 39 * GATEKEEPER_JM_ID 2013-03-01.14 39 44.0000012995.0000000000 has GRAM_SCRIPT_JOB_ID * manager type fork,2
f7a7c9d0,write failed,3
812dcfe3,resolving 'ptt.cc/AAAA/IN' 2001 503 d414 2 34#53,1
6ea22fea,resolving * 2001 610 3 200a 192 87 36 2#53,9
47a8bd95,* at Fri Mar 1 15 * * 2013,18
d1acdb87,* at Sat Mar 1 * * 56 2014,199
a10c3dc7,pid 32081 from 198.202.104.118,1
399cdbb9,resolving * (in 'apogeetelecom.com'?) 66.112.235.250#53,2
c66797a0,(SERVFAIL) resolving * 66.112.234.250#53,2
23c13a7e,resolving 'front.python.org/A/IN' 2001 500 * 1 11#53,2
5831cda5,resolving * 2610 130 101 100 249#53,3
34eac74f,(REFUSED) resolving '183.67.245.173.in-addr.arpa/PTR/IN' *,16
543afcb7,* at Fri Mar 1 16 * * 2013,20
2c7e2b6d,loaded module nvidia len 15058434 sum 5872 by command modprobe pid 16943,1
c844546a,No NVIDIA graphics adapter found!,1
e919d68e,* 48 04 GATEKEEPER_JM_ID * 48 * has GRAM_SCRIPT_JOB_ID * manager type fork,2
a4493fb3,* 48 04 GATEKEEPER_JM_ID * 48 * mapped to inca (800133 80230),2
1292e3fd,resolving '24.50.9.134.in-addr.arpa/PTR/IN' 2001 400 910 1 2#53,1
f7b21935,resolving * 2001 400 6000 22#53,2
26edee29,resolving '188.15.147.211.in-addr.arpa' (in '15.147.211.in-addr.arpa'?) *,52
e616f7ce,pid 7994 from 129.114.97.14,1
f437f916,(REFUSED) resolving '76.180.107.129.in-addr.arpa/PTR/IN' 129.107.45.80#53,1
0bd6cfec,(SERVFAIL) resolving * 199.110.254.244#53,4
048508e5,resolving '109.191.245.130.in-addr.arpa/PTR/IN' 2002 82f5 be65 82f5 be65#53,1
2b561e88,resolving '109.191.245.130.in-addr.arpa/PTR/IN' 2001 0 4137 9e50 1c88 183a 7d0a 419a#53,1
eee0f3d3,* at Fri Mar 1 17 * * 2013,8
8d78a3a5,resolving '150.131.94.211.in-addr.arpa' (in '131.94.211.in-addr.arpa'?) 202.96.0.133#53,22
b3b298a3,D ffff81033a8aa4a0 0 12802 4437 12803 (NOTLB),2
a99ea394,0000000000000007 ffff8102ec6587d0 ffff8100cf2d40c0,2
c2221a2f,0000000000001531 ffff8102ec6589a0 0000000a8006d0ef,2
eb329ca4,tracesys+0xd5/0xe0,2
f0a2825a,sys_ftruncate+0xe4/0x101,2
a9d8a216,audit_syscall_entry+0x180/0x1b3,2
809556bb,notify_change+0x146/0x2f2,2
aaf668c3,wait_on_page_bit+0x6c/0x72,2
9b9514e7,sunrpc rpc_sleep_on+0x161/0x252,2
5bdd9df0,__wait_on_bit+0x40/0x6e,2
fabd5188,do_truncate+0x67/0x82,2
8a1886de,pagevec_lookup_tag+0x1a/0x21,2
b4e4a9ca,wait_on_page_writeback_range+0x6b/0x137,2
265ccaf3,nfs nfs_setattr+0xa7/0x101,2
7cb0634a,nfs nfs_file_write+0xde/0x157,2
fad8b826,do_sync_write+0xc7/0x104,2
4c2bb0a5,__down_write_nested+0x12/0x92,2
97d51881,filemap_write_and_wait+0x28/0x33,2
addb6d65,resolving '5.71.134.64.in-addr.arpa/PTR/IN' 2001 4b8 2 101 602#53,1
13529908,(REFUSED) resolving * 216.12.255.2#53,2
2d73b7eb,resolving '5.71.134.64.in-addr.arpa/PTR/IN' 2001 4b8 3 201 902#53,1
5e33b201,(REFUSED) resolving '214.114.135.150.in-addr.arpa/PTR/IN' 128.10.2.5#53,1
ceba3f93,resolving * 2a02 1788 0 200 5bd1 c404#53,2
7641c8fc,pid * from 65.129.66.237,6
52e2e5c0,pid 10262 from 129.114.50.212,1
ebfa5ba2,resolving * 2620 0 e50 3 *,3
f197f194,resolving '21.208.76.206.in-addr.arpa' (in '208.76.206.in-addr.arpa'?) *,32
e2634d3d,trap divide error rip 403437 rsp 7fff2099f200 error 0,1
ca13a4fc,pid * from 24.143.43.236,2
30091a27,(REFUSED) resolving * 202.106.196.233#53,2
d50a2b61,resolving * 2001 502 f3ff 7f#53,3
445da96a,resolving 'lionxf.rcc.psu.edu/AAAA/IN' 2610 8 7800 4#53,1
